mock_ue_id,longitude,latitude,tick
0,-22.625309205960917,59.8067642511362,0
1,119.76415058082148,54.85758434942434,0
2,72.09543672080966,-20.253891774568586,0
3,-67.54800910246522,-38.10094129255606,0
4,59.8670890666715,-83.10393038426812,0
5,-10.773668045413245,-11.688919021462297,0
6,21.911530336314712,-51.66940094737359,0
7,95.43292225459408,-16.54190924811742,0
8,48.213792681344046,63.37411895673867,0
9,17.242846205105707,-47.208704884336655,0
10,22.364222934908923,-80.7390762247262,0
11,-68.84225468878688,-37.841028263298305,0
12,139.7318815047717,85.663329322903,0
13,70.77084489283547,54.169494158145824,0
14,-77.06779508297655,41.53964641259353,0
15,111.51123622959301,15.456262630695846,0
16,87.00928359351491,32.49328745306637,0
17,102.07347203907472,-60.02268261227973,0
18,-8.857642888508849,-9.232995314679087,0
19,1.9731312638165264,-84.02501168498173,0
0,-22.79255949049366,59.67492462368557,1
1,120.29152649042283,55.07363642924648,1
2,71.48654481727186,-20.979472811774826,1
3,-67.85185630675545,-38.18290306238989,1
4,58.768032107656836,-82.03148328240462,1
5,-10.932451202365485,-11.8093094311848,1
6,21.53319745314434,-51.71396329074994,1
7,95.56140850512674,-16.877629679683665,1
8,48.17186464994796,63.36194221860535,1
9,15.95373607974696,-46.15379939192228,1
10,22.381639335572487,-82.3392276058515,1
11,-65.94075585452313,-36.489656826235155,1
12,132.4819114651607,86.35238455906241,1
13,68.89057190413683,58.55732888820967,1
14,-70.77454631315189,42.97285397809287,1
15,95.40842555300463,16.3000887443374,1
16,86.30782240286231,38.27949061859664,1
17,132.5971534397865,-49.505173547830616,1
18,4.455846433159024,-3.108807711278601,1
19,-34.282330014560216,-77.23044142918334,1
0,-25.014323560157635,59.212893070132566,2
1,122.85057787453627,56.404529638174665,2
2,71.01201361523124,-21.3085713036495,2
3,-69.14421434606749,-38.369020571869385,2
4,58.027107145784754,-81.19623510049679,2
5,-10.942667077997612,-11.918601958277463,2
6,19.81306595266139,-51.97609226648571,2
7,95.91258758442689,-17.20787671050438,2
8,48.19091118465283,63.366871886953135,2
9,15.580543336827816,-45.5044449933948,2
10,22.119814298624703,-82.96970532278753,2
11,-63.16652827568464,-35.55645101238676,2
12,123.85380328152905,88.62464532054989,2
13,65.26577437675056,62.07049875723979,2
14,-63.91401381227837,45.213063885958235,2
15,80.91939683825518,19.87830092591234,2
16,89.03900983975234,43.993454904463135,2
17,160.09134462439056,-37.5423370424288,2
18,11.316828169534205,5.680323515801376,2
19,-73.56230628999357,-60.55856679797605,2
0,-26.654032784946338,58.84541827696253,3
1,124.1786575307002,57.89456876820029,3
2,71.33219115019867,-20.963197100723065,3
3,-69.78896030319481,-38.63744084612947,3
4,57.90141757093082,-80.08787567915839,3
5,-10.535209402405115,-11.458035456144259,3
6,19.55259113757583,-52.04746707777726,3
7,96.66053313217844,-18.354944175378222,3
8,46.56284172819895,62.82527009144377,3
9,15.080176517433529,-44.86197484976066,3
10,22.140489688840006,-83.54594634216532,3
11,-60.94709132712532,-33.34425273870062,3
12,115.41317037277486,89.25235019630989,3
13,63.9243282070768,66.335028820106,3
14,-57.96158339003452,45.87332345118213,3
15,67.59178889570956,23.692146122103622,3
16,91.17206338265709,49.67309940264474,3
17,178.64799034385527,-21.165687669552014,3
18,16.854628345468967,14.02219571547387,3
19,-123.2129975303827,-53.6347354326939,3
0,-27.68862358373957,58.476584473261255,4
1,125.51086604051443,58.54247857403897,4
2,71.46946786572954,-20.79285117918876,4
3,-70.1189096379846,-38.75853240697497,4
4,58.49975737449924,-77.57787624469175,4
5,-11.34831935767798,-12.00395797431618,4
6,19.89533388474868,-52.07714012503993,4
7,97.06260879628553,-19.15587348233531,4
8,46.47388024678813,62.808658330410026,4
9,14.765766777372647,-44.41005015896725,4
10,21.839184511680145,-84.43285021401098,4
11,-58.06636870733392,-30.7361401654751,4
12,108.21269066107743,89.07120900386118,4
13,65.14074833567818,69.74936966324364,4
14,-52.04453758820027,49.219790239804865,4
15,53.452209073812014,29.88613436711357,4
16,92.4469707446288,54.88417501518643,4
17,169.93803503925534,-3.454319613167371,4
18,22.45477016340149,22.758131926364968,4
19,-171.51072343561694,-42.24891742667776,4
0,-28.299571342983143,58.16549742204302,5
1,125.51239917665362,58.54303311335951,5
2,71.47774185077665,-20.775014929062408,5
3,-70.53873946993718,-38.98332650262048,5
4,56.501983325953006,-75.41063127624054,5
5,-12.129667156801617,-12.707298582977955,5
6,19.785116595759035,-52.060430043625516,5
7,96.93510677007384,-19.829297395744305,5
8,46.86484439698893,63.031074736524715,5
9,13.939240341407327,-43.725533108586916,5
10,22.00709550232847,-85.36434046903527,5
11,-51.43889076940724,-28.752384602425096,5
12,99.90007975541079,89.22758568888639,5
13,65.40062457132404,73.57375224728426,5
14,-46.75718617381841,52.021147038168436,5
15,49.54336334368,38.72246096928606,5
16,93.18209914304128,60.27514590084485,5
17,154.3505568186107,13.323325416564415,5
18,28.77335920565511,31.589121487954785,5
19,-142.6448551334896,-27.42119307931747,5
0,-27.781306123069754,58.706471774046236,6
1,125.8103455270666,58.6402252694493,6
2,71.97159268868074,-19.860341964460616,6
3,-72.55782916353006,-39.35077817187822,6
4,54.07491566513488,-73.80993820578556,6
5,-13.740752465351477,-13.87152480960458,6
6,18.738600308790723,-51.98461196527281,6
7,96.2194316957158,-21.27812686468353,6
8,46.521279228334265,62.61033495538743,6
9,13.323997853275472,-42.64582102830788,6
10,23.48531725852891,-87.1775371648804,6
11,-45.3076058679836,-26.72556208906402,6
12,90.73206848568782,88.0435047784714,6
13,69.27776462311303,77.38223052930607,6
14,-39.54116872694212,55.39938855463433,6
15,46.628150580213656,46.888612871994354,6
16,92.59140138831918,65.56926705961868,6
17,149.8882222446842,32.55910470182651,6
18,40.803322319825696,39.33275238849714,6
19,-100.70333845807879,-11.041992881510765,6
0,-27.89889648166266,58.575021814807684,7
1,126.49172923378046,58.965492909736696,7
2,72.17236341612889,-20.329075878143783,7
3,-73.87283196193027,-39.125228187518736,7
4,51.629637513582566,-72.82824260434128,7
5,-15.266321306552697,-15.188296905807178,7
6,19.26453719686245,-51.9775434507621,7
7,95.93868804200144,-23.279885339283,7
8,45.74715754829711,62.12853039139782,7
9,12.153111676272687,-41.155489999906216,7
10,24.515781116912052,-88.61418737484216,7
11,-40.071562541914034,-24.07180582957841,7
12,82.99560655599646,84.71665669137889,7
13,73.23231351881105,80.45491059775765,7
14,-31.073104336744194,57.58471292752088,7
15,35.75604134301247,53.336492893406444,7
16,88.94342021013938,71.24044929913467,7
17,119.18732811168775,44.16997691892064,7
18,55.51124495336063,46.85483398059819,7
19,-46.95197055845594,-9.978679819929411,7
0,-29.438975284504437,57.96643641642237,8
1,126.72957825655772,59.01716949521901,8
2,71.93438669161162,-20.631762927309794,8
3,-73.60672713272974,-39.196771828181454,8
4,48.68479378110962,-71.84234773321512,8
5,-16.742521811262378,-16.574580267811726,8
6,19.06194361005288,-52.01124790740654,8
7,96.03364984251266,-24.13678600569102,8
8,46.40377906287648,62.74392416264328,8
9,11.27933057765921,-39.66186923940916,8
10,25.250151768434392,-89.79266125198278,8
11,-35.637148252622666,-21.262814979153305,8
12,73.97173999069489,81.93719179364479,8
13,76.38513948022876,83.59908425915827,8
14,-23.806091558766866,60.977560762902556,8
15,22.694687461221008,56.728052092652035,8
16,86.16600622174212,76.381354708097,8
17,89.7637177184672,55.13129700994779,8
18,63.87502102771376,54.95198874593643,8
19,-1.8424369137778172,3.5437089829669617,8
0,-30.68510116758793,57.55280358602559,9
1,128.39597483408158,59.06671214831539,9
2,71.68675900034935,-20.801924303577565,9
3,-74.19054491138118,-39.040004479916455,9
4,44.85110935791997,-70.90954517553698,9
5,-19.591858880965788,-18.32345304019806,9
6,20.033892441802436,-51.92859511892074,9
7,95.60949320690327,-25.026322416951842,9
8,47.76864304514612,63.56069567940676,9
9,9.445288651788047,-38.17466526142754,9
10,25.871490596144355,-89.0639849106786,9
11,-33.35068956618386,-19.356893356409813,9
12,63.57293271886556,81.61299280910893,9
13,76.59037946942283,87.9315412557329,9
14,-16.218639462460004,63.7009153064094,9
15,6.779884968402712,54.84513452022907,9
16,82.43045798541942,81.79479049137453,9
17,60.44652938217723,66.17862795114488,9
18,68.41136709225415,64.11206970858086,9
19,50.38294607127446,11.293476277402078,9
0,-32.203440998759476,57.38199265621142,10
1,129.60092725321215,58.81286648751126,10
2,71.68857654701557,-20.801205193425787,10
3,-75.42981748811616,-38.68306292180355,10
4,41.53831329292072,-70.1379344668372,10
5,-23.613393617267718,-20.4418396894865,10
6,19.39222778755058,-52.11468298197938,10
7,95.39618061415712,-25.227628174293883,10
8,48.51689470026571,64.0401736660805,10
9,6.630859405152336,-37.95775260047849,10
10,26.347156856280776,-88.02854258653447,10
11,-32.876896062415454,-17.143152537098743,10
12,53.60908668186096,81.30206713788911,10
13,78.63586091546318,87.59663407369723,10
14,-9.500786893312238,66.8194758854099,10
15,-7.997947540651751,52.441389751373265,10
16,79.08059014250227,87.76439261005063,10
17,25.676810103704895,73.89250022134351,10
18,83.94564153434641,69.93096879689648,10
19,102.41002479134283,17.66649507326821,10
0,-31.31478047548123,57.467693078344155,11
1,129.12974151530483,58.97202701629078,11
2,73.15564362955723,-20.876743518333157,11
3,-75.57894463400756,-38.6350703781314,11
4,35.85479245927104,-69.0328027452669,11
5,-26.66046781504636,-22.599702586245684,11
6,19.142019807501697,-52.21849294072822,11
7,94.92381285777395,-25.609683034898765,11
8,49.43444918200407,65.22860366429197,11
9,4.257375828216965,-38.25912423229581,11
10,27.576306381935353,-87.03088965062797,11
11,-31.04269822501118,-15.27300355741528,11
12,42.632701938550696,81.40779682762914,11
13,83.49068877798874,83.95893507177192,11
14,-1.8076456649231716,70.46974847687133,11
15,-22.9391496263041,49.45957943391912,11
16,81.19948575376827,85.25101812937137,11
17,-9.902968815482495,79.8761329249497,11
18,100.2675453436496,74.207527550516,11
19,144.43827776952554,33.53192771551319,11
0,-28.343229066252263,58.19654025150243,12
1,127.9059828808173,59.1977862678668,12
2,72.51689689952431,-20.90656506111452,12
3,-76.48851157771209,-38.38896611861705,12
4,31.128453830293154,-67.4770207980071,12
5,-28.758283788122696,-23.858673508599253,12
6,17.889653659238036,-52.48303588083807,12
7,93.96826539839628,-26.16550148289999,12
8,50.49275332260214,65.76806921236093,12
9,1.2577265579133439,-37.977944955318655,12
10,28.988333175577964,-85.86197199105816,12
11,-28.797896537067174,-12.368772595231377,12
12,32.621993234763636,80.022265786084,12
13,86.4853015919154,80.36655453703113,12
14,7.852050126899485,73.31672591073547,12
15,-39.771909621639594,49.23774359363156,12
16,82.27870253423896,78.25928338208783,12
17,-32.88365427627369,86.29124971261834,12
18,111.5711369475942,81.58293765678263,12
19,172.8320920342278,55.73358185176582,12
0,-25.7886847090584,58.904374593223025,13
1,127.31393047004366,59.33311822348929,13
2,69.84435588372398,-21.707592734938217,13
3,-78.51841308177288,-38.60701956545854,13
4,29.429562832523487,-65.76820664566334,13
5,-30.082326853453253,-24.510088180161816,13
6,16.257923293353315,-52.678608107115004,13
7,93.14994285201999,-27.579622304303243,13
8,51.967271513030596,66.72634536681434,13
9,-0.9770304306367166,-36.83115999365863,13
10,30.6420704418004,-83.66856862729335,13
11,-26.687730838059963,-10.732179558332234,13
12,22.466469359679735,77.61926126910484,13
13,90.02475108932691,77.25298029699456,13
14,15.647598444605478,76.47943402557604,13
15,-54.635731629549454,48.134075368902984,13
16,78.31144037545869,71.37954979283572,13
17,-63.75138387327249,77.88113120829499,13
18,120.58323607761668,89.96708444996366,13
19,158.979110767608,76.93642069505896,13
0,-23.523420530771915,59.88747611186767,14
1,128.2957724433586,59.15207059788648,14
2,67.82900724818785,-22.797463452012195,14
3,-80.14443400141174,-38.62207470437961,14
4,28.400543154799408,-64.26949093899249,14
5,-32.37109820421827,-25.55388538877432,14
6,15.714729255709386,-52.73448665262923,14
7,93.25807213033397,-27.484477866923832,14
8,52.00427125346772,66.76383284951396,14
9,-5.772963913080105,-35.19416273788428,14
10,33.44887751559793,-82.351641082018,14
11,-26.093496371410282,-9.924941885469352,14
12,10.59678826256453,75.28559761973736,14
13,94.08854238502738,74.0837047883777,14
14,24.968662844126868,77.1707320428367,14
15,-69.83322296360096,49.83914674792098,14
16,76.30281315732606,64.67780424488475,14
17,-93.08151439836416,66.10482814505144,14
18,134.69235372312625,83.70264644847421,14
19,123.88297131647772,83.3193374525105,14
0,-22.583111083012994,60.16324825405542,15
1,128.7725807038969,59.10132196720616,15
2,65.17228716973423,-24.42539766946051,15
3,-81.31058822987217,-38.31284001296172,15
4,27.671496262997522,-63.70088273483987,15
5,-34.322734007128815,-26.783178273202495,15
6,15.589360322756107,-52.82191729585511,15
7,93.96400669837419,-26.071148050818955,15
8,51.6916795108819,66.3462043749301,15
9,-10.107001812455565,-33.55732282844431,15
10,34.78546156913262,-81.09617960724886,15
11,-25.9648867329621,-9.60599988378813,15
12,-2.19297809731313,73.85814509556224,15
13,98.45568906889088,71.30122985877009,15
14,31.783134085838725,79.97395665599905,15
15,-79.84619697711145,55.650586433444744,15
16,70.48966572298605,58.91834469820128,15
17,-126.58163856705877,57.21026384569453,15
18,137.6840317828454,74.41461228449145,15
19,76.76516560204209,70.55826784108862,15
0,-20.831931041963713,60.47738442986196,16
1,128.94537334721707,59.10052206553928,16
2,64.54285818728721,-25.458416924741712,16
3,-82.34276624272495,-37.900898882736634,16
4,27.38682445707039,-63.4044391553161,16
5,-37.0826637561901,-27.645616939959226,16
6,15.337846386512524,-52.86948915961001,16
7,93.87999295888778,-25.272271985236742,16
8,51.30382332009157,65.9907570420236,16
9,-13.39836163791071,-31.29522328202893,16
10,35.598520307864476,-80.3531472732121,16
11,-26.055002907450643,-9.005622537221228,16
12,-9.647976226271595,70.85812476474203,16
13,101.59851003096901,68.94985892179406,16
14,36.63070560875681,83.04139473289098,16
15,-90.38001058171695,60.572873837491045,16
16,66.05865676941158,53.540917238747085,16
17,-157.7839328473666,46.082545912986745,16
18,147.55469290562417,66.27918851402097,16
19,37.410581668780765,52.24981928386907,16
0,-17.65781008538883,60.79697873992464,17
1,126.82820525965622,59.53533538970345,17
2,64.37067926214482,-25.76970563906103,17
3,-82.1236155471951,-37.92892588866819,17
4,24.926558319705293,-62.52185708284222,17
5,-38.89095006589457,-29.026692344677656,17
6,15.188671876567213,-52.87582418179221,17
7,93.13962396240441,-24.22952721927227,17
8,51.06460299553535,65.62411964253917,17
9,-16.833255876489773,-29.732214440336428,17
10,35.68268839361329,-79.95782492423459,17
11,-26.619172120696618,-7.089996096285503,17
12,-19.62708044084195,70.50479240416792,17
13,104.6805585802669,65.90438791499147,17
14,43.16762907175678,85.66257198423054,17
15,-103.62899191888997,61.94081286319181,17
16,60.62899143205516,47.28415073906669,17
17,-172.60695987372918,32.61585393262618,17
18,153.4952313167384,56.412543946318834,17
19,1.2057012311072413,32.506135498227934,17
0,-16.143337950215994,61.80721097798508,18
1,123.61849947745708,59.32210736187801,18
2,64.21513962266815,-26.044955378473283,18
3,-82.02940112768965,-37.93443597109734,18
4,24.096258053429693,-61.06454845478874,18
5,-40.36125687123314,-30.07582332275578,18
6,15.834509171929142,-52.724524045990705,18
7,92.01404871898058,-23.462926882480943,18
8,51.06865487449795,65.66289180298406,18
9,-19.024550801934907,-28.81562481191024,18
10,36.38396934803737,-79.17012391752058,18
11,-25.322708087638887,-5.083494856693321,18
12,-28.562891192536426,68.3455271700038,18
13,106.94322316785758,62.337433135732766,18
14,52.61018979627053,87.06434346329354,18
15,-116.77303560131239,64.1307284894772,18
16,52.72988108764193,41.70818554899577,18
17,-142.0147046125197,20.28014124314545,18
18,159.2936907167104,46.958175336754834,18
19,-34.19961211882,12.502008154209776,18
0,-14.742187619822033,62.31028807208298,19
1,120.03411740063609,59.98384417336064,19
2,63.4861710915884,-26.3704852516793,19
3,-80.40531559889966,-37.99559018258724,19
4,23.94259570371392,-59.557361597238,19
5,-41.93522000433461,-30.74250923483536,19
6,14.813851648551775,-52.89609256777905,19
7,88.38539539474664,-22.239344908899923,19
8,51.25502164301537,65.44357867112865,19
9,-22.21122943322979,-27.25277738502097,19
10,36.275542854197084,-78.82547374718384,19
11,-24.089502224043656,-3.3603978933035137,19
12,-38.3643592761498,65.45151261947328,19
13,113.85299141350555,60.87924536261744,19
14,60.63894408287277,89.85459551490547,19
15,-130.02445702441617,65.86172721596637,19
16,45.65453397490137,35.380892556046575,19
17,-113.04296438224334,7.566003085933147,19
18,168.8920531293611,38.63876335848218,19
19,-67.14929979936704,-8.898160114586503,19
0,-12.109266123035042,63.44186790487859,20
1,117.70516649678416,60.079723866873536,20
2,61.9934537728567,-26.910519804807997,20
3,-80.65505259985032,-38.02069791983541,20
4,24.636276923470973,-58.878022040623044,20
5,-43.26473671535871,-30.862211299724244,20
6,14.278101923190349,-52.98707782100305,20
7,85.96468959689764,-20.961486557171312,20
8,51.39920675117713,65.0534216348353,20
9,-24.394293936325937,-26.24277451121133,20
10,36.065730472079395,-77.8930190488577,20
11,-23.73936815790151,-1.5223121560877786,20
12,-46.288791224918214,62.872272879581686,20
13,119.93905716146838,59.977356958416465,20
14,68.09657974640226,88.21525877617646,20
15,-141.42315261700566,67.0194838214754,20
16,38.70480379710557,30.32051389253867,20
17,-79.22130517932965,-0.4593159932756521,20
18,176.16650573493934,30.035965266978266,20
19,-111.44147188421364,-23.50949777036729,20
0,-10.460202786148642,64.21480746378177,21
1,114.76655452374274,59.10362770816192,21
2,61.104360407338135,-27.192733485258287,21
3,-80.72079033569291,-38.05361184757252,21
4,24.677231103852193,-58.10960289700351,21
5,-43.14296243756198,-30.811625364271066,21
6,13.654385803852534,-53.286168277187556,21
7,83.11131292002705,-19.597988240582282,21
8,51.370650849861164,65.08316692516658,21
9,-25.343059933644128,-24.662441287342418,21
10,36.29279653109256,-76.57911644264023,21
11,-22.46944662281922,-0.17497983757404256,21
12,-50.56385227525499,58.77517108646984,21
13,124.87046548776226,58.20389781233371,21
14,75.80232045797138,86.68033945311808,21
15,-153.19783148064897,65.02698459877698,21
16,32.87106964528047,24.836842034896137,21
17,-44.1578079360458,-7.042834110394409,21
18,179.22850203794832,20.485981294242848,21
19,-157.47048654125695,-37.630738562685764,21
0,-10.01799198926534,64.5437912448952,22
1,113.7545941755451,58.30720407903647,22
2,60.67246044664756,-27.410912233809242,22
3,-79.95966411029727,-37.829912698430896,22
4,25.063035689668027,-57.05050106592658,22
5,-41.91115092540929,-29.361198649924667,22
6,12.417066436466115,-53.65538353902866,22
7,76.19862858100095,-18.865307571267905,22
8,50.92497633635327,65.95671423691684,22
9,-27.241906256500755,-23.121611768246893,22
10,35.25125708346499,-75.0863269928561,22
11,-21.729982286564393,0.6588836210899132,22
12,-57.36122149725075,56.80135040838766,22
13,128.73188767837024,55.68052241090746,22
14,82.46714228703473,84.16236906549881,22
15,-166.16197947803812,61.986721595811105,22
16,23.98391364510894,20.44588545221886,22
17,-17.78150725668783,-20.127825047360957,22
18,169.21689120356166,12.77152468873571,22
19,-153.6114244002,-48.75099025998199,22
0,-9.000553568414716,65.4989669614425,23
1,113.38136653240144,57.82700038118551,23
2,60.67750183785719,-27.407021203825586,23
3,-80.72810755227287,-38.10652320882033,23
4,25.156493024829814,-56.67022790649011,23
5,-41.26284858730304,-28.402737776158958,23
6,11.552896475755887,-54.04375217922265,23
7,70.54619902116599,-17.662668168588894,23
8,50.87374038718244,66.15060223956903,23
9,-31.101366284145428,-21.54391421821343,23
10,34.403277740557996,-72.6206255059316,23
11,-19.545930104989566,2.0746919748055603,23
12,-63.5157302144962,54.75599118113192,23
13,133.4622424722594,52.84708008339254,23
14,88.6370382115278,81.28128093336935,23
15,-178.37280615429268,63.18094654780754,23
16,12.793559101538534,17.213685260598808,23
17,-1.9227545522478806,-36.225592347103294,23
18,156.03349355833518,4.666692415522192,23
19,-108.20340221062712,-62.165595477241524,23
0,-8.275423513291912,66.48187837051967,24
1,113.34297924221619,57.751901723825625,24
2,61.020108593759204,-27.331426366493034,24
3,-81.11156461541349,-38.18738112003266,24
4,24.920198617968794,-57.248878186902594,24
5,-40.739509991305084,-27.732087620964073,24
6,10.822960887030831,-54.557629617518316,24
7,67.8273814169948,-16.368677855011214,24
8,51.12972961246456,65.62557031849886,24
9,-35.30618678531769,-20.495172789275216,24
10,35.31748330073802,-70.67414628805173,24
11,-18.193425102313626,4.00009653436355,24
12,-71.42228747418973,53.6398631930559,24
13,136.20108186749297,49.286911993190245,24
14,95.1522208393601,79.24191480277116,24
15,-168.71697082102094,68.83069146887473,24
16,-0.21612409881433337,15.76124474340078,24
17,26.241884343206863,-46.50388646634381,24
18,143.11247718342003,-3.233063104647144,24
19,-60.036361390172814,-72.73961195226158,24
0,-7.526993459985306,67.15964394950686,25
1,113.34264035866562,57.93004403892479,25
2,61.14366367295855,-27.306005459875806,25
3,-79.93327698710156,-37.99836646119043,25
4,24.347856455384573,-57.96492341445507,25
5,-40.5658837208758,-27.486871487063738,25
6,9.851825250459939,-55.92669449812617,25
7,64.77462075932908,-16.311569018967106,25
8,51.05935232213582,65.24564383202446,25
9,-38.34835404509505,-20.408048216552586,25
10,35.98249684090254,-68.9622989928566,25
11,-17.279577692539846,5.023488344706891,25
12,-79.89973779306456,52.950302258049504,25
13,135.0100899482884,45.4410078212301,25
14,99.27183036108232,75.79866132914051,25
15,-157.05847105991995,74.28957580219301,25
16,-12.861642210154457,14.527329119829176,25
17,59.247587225642604,-51.938383754677545,25
18,137.9279893172133,-13.022079853623339,25
19,-9.065260483696534,-80.42102233483388,25
0,-7.470087118721608,67.24880468958654,26
1,113.31317588404778,58.74308289087597,26
2,62.43478522487982,-27.15191434335199,26
3,-78.457732826305,-37.62561270608486,26
4,23.883916984249254,-59.00825855693634,26
5,-40.16717272297771,-26.955948046463263,26
6,9.143335902628621,-57.92965314715838,26
7,63.39432444219935,-16.011723685561563,26
8,50.88271037358345,64.08501813119148,26
9,-40.71044878683563,-19.822902335402233,26
10,36.1879309347982,-67.92640623194718,26
11,-16.33099731744906,6.03267001763102,26
12,-87.46289935517594,52.52650771584484,26
13,137.82764944036802,41.91958097169427,26
14,103.74155352876551,72.49511188334327,26
15,-148.79788239989827,81.07713702917567,26
16,-22.89135222906816,12.87376375028012,26
17,93.53722053561688,-52.789101238748984,26
18,130.70401774368884,-22.257722951117884,26
19,40.20899834758569,-88.94703062328935,26
0,-7.272818497818633,67.3219940027677,27
1,113.68263753066759,59.36897856575172,27
2,65.0712799443769,-26.526442337097045,27
3,-79.44006972888582,-37.9548681585847,27
4,23.94075595231672,-59.3263556633289,27
5,-39.74532546485989,-26.40374300364897,27
6,7.394048968655113,-60.106014057250015,27
7,63.3352623554928,-16.00703177260469,27
8,49.17615176723817,63.41302687430684,27
9,-42.941992910984226,-18.384814876217234,27
10,37.4188061779667,-66.84056879739198,27
11,-15.327791027299895,6.824296554835271,27
12,-94.78470770945385,52.91356661016923,27
13,142.96630923296533,40.31919937587554,27
14,110.35833517317053,71.24446661097991,27
15,-135.28010846084683,85.01471429561116,27
16,-32.44476359709836,10.606555757341638,27
17,119.30046674808523,-63.66866781095913,27
18,119.13828731629616,-28.971338699879674,27
19,89.25478645910488,-82.596232892977,27
0,-7.4474516153803165,67.27429613627646,28
1,113.94776143075796,60.10463557393615,28
2,65.81979844590131,-26.26905788947169,28
3,-79.46306159507077,-37.955660038383144,28
4,24.130275408549068,-59.43745216095761,28
5,-39.82116585681504,-26.201744307435852,28
6,3.624049211215066,-61.55153948757396,28
7,63.20371848816515,-15.95432447729823,28
8,47.85997019796778,61.78975134409234,28
9,-44.7199279601013,-16.322127743108908,28
10,39.17151655102808,-66.13033900553341,28
11,-13.38649811063928,7.9719720249563295,28
12,-102.4825653071047,53.785983871148375,28
13,146.38725682906244,37.6466727789427,28
14,115.60259305547658,69.14945181990035,28
15,-117.34857002067994,86.97725294952764,28
16,-43.454498797673295,11.879161567792849,28
17,133.5775476518811,-79.8837905714567,28
18,102.23151324944877,-31.352324850159903,28
19,138.56013713295016,-89.8011966390432,28
0,-6.62133916573984,67.66110987540023,29
1,114.06960646564062,61.41670210613668,29
2,66.42713174087416,-26.117511766167205,29
3,-78.12127847345053,-37.80460905451175,29
4,23.39764649022007,-59.01797634331123,29
5,-39.6599534992873,-25.804090345745507,29
6,-0.28085441643125364,-62.895918648796574,29
7,63.61105489342299,-16.106236281159667,29
8,47.33024541692066,60.66032543123012,29
9,-47.11803975151756,-15.531093437541472,29
10,39.59407674896886,-65.64307374397904,29
11,-10.757621222412212,8.879854157633801,29
12,-112.12152262455197,54.24175761741904,29
13,148.2175021536604,34.72836332187249,29
14,118.57272581300674,65.2985418741971,29
15,-100.12279006049233,89.36592461063535,29
16,-53.15979016078654,12.790120425126943,29
17,143.62206113741416,-82.36816755675507,29
18,85.85313076972488,-36.740204489936595,29
19,171.08018525228374,-86.8261164195411,29
0,-7.088560137075177,67.23414973813246,30
1,114.55154066423842,62.169452513196575,30
2,67.75994067363274,-25.65505746785466,30
3,-76.92963134715089,-37.71348165575328,30
4,23.163016774772558,-58.770058751346944,30
5,-39.713644401695376,-25.903531315941763,30
6,-4.777789593902867,-63.7787660915576,30
7,64.64253164569891,-16.264771561375028,30
8,46.670731124473775,58.876997960309524,30
9,-50.5864373105737,-14.213881380414662,30
10,39.64278855998157,-65.153154916071,30
11,-7.105376890966653,8.95697174280076,30
12,-119.22677556707906,54.01644297826209,30
13,146.87859140664483,31.10648769910405,30
14,122.46715146157703,61.56298308024819,30
15,-81.96423027614532,85.36810238712536,30
16,-64.35379492858063,11.98628657697617,30
17,147.3171511493938,-63.863495978200675,30
18,66.87157570182444,-37.91152351591247,30
19,121.48144471374616,-82.25253556003456,30
0,-6.94878415793255,67.45922654665029,31
1,114.58696410701259,62.279043716123624,31
2,68.82984619345496,-25.238842547312828,31
3,-77.9816932795433,-37.34304463922206,31
4,23.20500863532712,-58.802245382872144,31
5,-39.34178162902802,-26.700364076465455,31
6,-5.921249432294189,-63.96197331860283,31
7,65.1215624875584,-16.365284054642828,31
8,45.55153927100375,58.21190733484772,31
9,-55.24259692264221,-13.543972718304104,31
10,39.844842408263446,-64.87495903335144,31
11,-3.059616016025103,9.10970981759128,31
12,-125.86471236742956,52.59539474831496,31
13,146.37712672708318,28.20795785713692,31
14,123.3467561798389,57.21346221193011,31
15,-63.411507971835846,83.06611704696408,31
16,-75.48181024303679,9.288203253503795,31
17,135.38131227982797,-47.293128403421974,31
18,50.03001858162304,-41.16545534510023,31
19,70.56549982839203,-86.40285332825015,31
0,-7.440452518349076,66.20788524950302,32
1,114.56500506246579,62.2547672590305,32
2,69.02840786401683,-25.18835399797642,32
3,-78.53644702017316,-37.40256210131049,32
4,22.449234097825126,-58.605644882630045,32
5,-39.202876867781896,-27.022180976196843,32
6,-8.158333567424762,-64.19674705572625,32
7,65.36436686626453,-16.47648223882554,32
8,44.67843401174963,57.77966111652222,32
9,-59.78943262511413,-12.534250874400286,32
10,39.66943103693447,-65.04657035204606,32
11,0.6373097184055041,10.230353492234428,32
12,-130.65007857230984,51.28716722475036,32
13,143.3427284658096,24.943619258813825,32
14,128.54090739157596,53.95040979381366,32
15,-47.70699424387399,76.86270141147551,32
16,-86.82114087188903,5.672333160553066,32
17,126.84808674322812,-30.81560711526754,32
18,34.049007629740544,-46.535894057408186,32
19,20.77462475924952,-86.097496663113,32
0,-8.215240364848228,65.09596367872925,33
1,115.34497322946078,62.92384278494137,33
2,70.52293388573423,-25.11190606774504,33
3,-82.01126945772485,-37.76670827076735,33
4,21.521425745444247,-57.39624192860935,33
5,-39.496419592689506,-26.81574214659804,33
6,-10.468719103149311,-64.70982247965549,33
7,64.94359814418087,-16.20044583652991,33
8,44.480489272595264,57.62432779868004,33
9,-63.678848174240414,-10.205798399307184,33
10,39.632376250661025,-65.2246556269114,33
11,4.608624859794304,11.444044340870931,33
12,-135.10334854183168,49.51468892438032,33
13,141.32575910803007,21.674651821068252,33
14,134.77782971688504,51.60693464710744,33
15,-28.54378532997049,75.42372977276955,33
16,-93.3608526731667,-0.42208581680290536,33
17,133.1703591190331,-13.969983719472495,33
18,27.65566760614078,-56.91878569250379,33
19,-29.37406499362831,-84.95406914219677,33
0,-8.900596911520665,63.67017184492627,34
1,115.5225664818488,63.55228044053692,34
2,71.4185973538084,-24.929304662979916,34
3,-85.0627055220381,-37.61531953641888,34
4,20.088339847182453,-55.78688240600685,34
5,-39.24023919291389,-27.15737320647733,34
6,-13.419805509753786,-65.1246370207034,34
7,64.85426342612834,-16.33384912855618,34
8,44.389375946926464,57.59075550003226,34
9,-67.52787806461137,-9.200559023579714,34
10,39.38826691166875,-65.54621799453399,34
11,6.5378598644596195,12.355209515218846,34
12,-138.65609160586342,48.05305657371824,34
13,144.93096633015,17.74824119941873,34
14,142.4906336321073,50.898185403029714,34
15,-10.485595231212244,73.30700606195211,34
16,-94.0615398856978,-6.884656954099242,34
17,143.88744248715443,2.4634414741428117,34
18,33.41425470922036,-67.45667594408289,34
19,-79.35615576815528,-81.9566226686954,34
0,-11.060149717317444,61.82581530443892,35
1,115.68048111834389,64.24851411753662,35
2,72.60540862388288,-24.24349119426482,35
3,-88.29302005056566,-37.521872259053325,35
4,19.43855297024018,-54.84652643463977,35
5,-39.3349498758613,-26.787808968878252,35
6,-14.175622450231316,-65.62063289455844,35
7,65.85824318281462,-15.677637763580279,35
8,44.12489150510805,57.500797505406695,35
9,-72.7084862608835,-9.223961327877149,35
10,39.381594541505365,-65.56011097643388,35
11,6.747283978143429,12.512807153405362,35
12,-143.64430572988567,47.081121925615975,35
13,149.79716398125322,14.032779743625383,35
14,149.39608417722098,48.11502663843498,35
15,5.82663987907128,68.87056253635143,35
16,-97.29147496980782,-13.21552198699689,35
17,166.52230638971236,15.474244519613805,35
18,36.09966535624994,-78.05680719279353,35
19,-121.8741545995878,-68.90331996945378,35
0,-11.524135779664817,59.744487658585115,36
1,115.66043474824977,64.1717240098341,36
2,73.14432643476417,-23.92168625130671,36
3,-91.53548806051609,-37.70525432423206,36
4,19.41598413652804,-54.90723271138437,36
5,-39.36225350042341,-26.536889147138304,36
6,-17.07068786050303,-66.59608487048928,36
7,65.95704370520127,-15.106044619256792,36
8,43.75895094439559,57.378339285297926,36
9,-76.73832960995858,-7.558365443519634,36
10,40.27693025164888,-64.97048935144772,36
11,5.606532828973229,12.413489361877694,36
12,-147.96646753474076,45.31714700227363,36
13,155.87899997604762,11.052284424781774,36
14,155.73391611049982,45.36362280642996,36
15,17.582996012481857,63.49851049330351,36
16,-93.2287961221948,-19.725612616470556,36
17,163.5804307014455,25.21903142480734,36
18,39.106707403108146,-88.62305629850583,36
19,-147.0774955070998,-46.580741136596515,36
0,-11.76429508878897,58.57761914108454,37
1,116.06983830820866,64.90040323176194,37
2,73.22614049939344,-23.731136061093935,37
3,-93.23820255296185,-37.729406296658034,37
4,18.708843816621794,-55.546782425259195,37
5,-39.07657714658842,-25.990539980641472,37
6,-20.59695449730313,-67.19501251474409,37
7,65.86351161860645,-14.881222248263057,37
8,44.50250027204666,57.86765899870801,37
9,-79.6798998714366,-6.283927657823952,37
10,40.995293447812344,-64.55895605415644,37
11,5.0289228464122,12.294869018843258,37
12,-152.64943678952156,44.269128486847364,37
13,157.72232637728519,7.578638644418007,37
14,161.69377023497037,43.12400039885503,37
15,31.642872940258798,58.80497673764225,37
16,-96.62924984994625,-25.331575050768365,37
17,144.77593182647172,40.61295795448413,37
18,37.81423111674533,-81.01995593528333,37
19,-171.69001820230272,-31.005596950605735,37
0,-11.76336635434646,58.83485526134277,38
1,116.92290055353322,65.56797623109429,38
2,73.648825975378,-22.96131020611915,38
3,-94.61118153486625,-37.39411735484627,38
4,17.97497222270775,-57.07365996733428,38
5,-39.122066581400475,-26.11588663044931,38
6,-22.643659242331807,-67.66421425769744,38
7,65.63612492910039,-14.483219066083322,38
8,44.866271246810214,59.03837473320067,38
9,-80.78923780528731,-5.402517089800924,38
10,41.75537250285839,-64.08023832921577,38
11,4.644039576680797,12.070699883915466,38
12,-157.50075211379962,41.73255201986041,38
13,159.6216710537836,4.823677966096767,38
14,167.8769718238193,41.10663060464336,38
15,46.72252080768652,55.25707727741312,38
16,-102.52382459792608,-30.255591598070374,38
17,120.29887402755253,54.26577976575007,38
18,19.694536292547696,-76.50357295339892,38
19,-120.33236049473953,-28.568062386701385,38
0,-11.772107853845483,58.86536626113673,39
1,117.02935570652875,65.7847965402353,39
2,74.06285235258844,-22.033683780145253,39
3,-95.78316460170898,-37.38556165703058,39
4,17.755461308924225,-59.31295407530253,39
5,-38.97567936785154,-27.144113783949237,39
6,-25.169530644023155,-67.51963718125263,39
7,65.91822164697541,-14.709528754793226,39
8,45.56891451460285,60.549058451576656,39
9,-81.485184807247,-4.8768416356591615,39
10,43.212620258615345,-63.67055190937603,39
11,4.746314448374022,12.159820699111648,39
12,-160.90939606865626,40.219956295228315,39
13,161.0203839919851,1.4064031920277245,39
14,173.7649669421382,40.40864413164067,39
15,61.521811773640565,51.591026717969896,39
16,-108.73232800773437,-34.7661568390824,39
17,111.42483354681258,71.85858678930023,39
18,-0.23305751795797391,-72.48504903645564,39
19,-71.21052443295436,-37.3141025154428,39
0,-11.77348087598395,58.48405476234626,40
1,116.92672938665447,66.02749351662584,40
2,73.57701412933082,-19.998822387662145,40
3,-97.86172076665967,-37.16264391731124,40
4,17.608979870108442,-60.70345185399153,40
5,-39.89428592077573,-27.913217820821785,40
6,-27.74199541122408,-67.88538534160554,40
7,65.75140952363466,-14.587044779736928,40
8,46.76952648029908,61.6266120421848,40
9,-81.36161360466242,-4.97112016305563,40
10,45.194621889084516,-63.476587477100736,40
11,5.739149652421247,12.615003676498276,40
12,-164.00166612276547,38.50750370101659,40
13,160.782234587524,-2.8524935897799395,40
14,179.51186581840523,39.726818526188595,40
15,75.7856845169334,47.507517425012225,40
16,-118.72600854878827,-38.28465405528987,40
17,95.68242877120974,88.01882984942591,40
18,-16.50490992218161,-67.19690292122799,40
19,-28.114322356547206,-24.13711734066662,40
0,-11.717965545801945,59.116762361433615,41
1,117.30950897351926,66.26933585534115,41
2,73.36482132313716,-18.973946173231553,41
3,-99.90917411228516,-37.60891576822862,41
4,16.989815769866027,-61.73664658539553,41
5,-40.78867068667341,-28.725238982362967,41
6,-31.29951009529333,-68.09661822537315,41
7,65.61578446240901,-14.408152539905288,41
8,47.582049895473176,62.80342364902455,41
9,-80.81167552613809,-6.008472375474312,41
10,47.36533361009026,-62.557701899259996,41
11,7.2707286424735,12.924599410842973,41
12,-167.2751701957223,36.945512874952755,41
13,157.35292624212627,-7.818373880002554,41
14,173.61117195286698,37.996201596255176,41
15,86.85578719271717,41.31943422754557,41
16,-129.246285137887,-41.50714781373526,41
17,70.52201597577758,78.99533323073189,41
18,-26.966043645036848,-59.0233663698884,41
19,16.364872886577388,-12.207693515403435,41
0,-11.77884790662128,60.06559423981568,42
1,117.84716906429207,66.41729732544582,42
2,73.09551957753175,-18.37446151050584,42
3,-100.09935275367552,-37.61900707901908,42
4,17.259979259225275,-62.62060803703949,42
5,-41.414808059967925,-29.655096034623107,42
6,-33.37770014311522,-68.93554000625174,42
7,66.20087148670785,-14.590764215456545,42
8,49.296639513624456,63.85746733827179,42
9,-80.03095584399014,-6.871137298299232,42
10,49.26517164948865,-62.107160842347724,42
11,8.621719073701541,13.121694383258586,42
12,-170.90219550526314,35.62332856450482,42
13,151.9174422779057,-11.32781103212659,42
14,168.6361228503161,35.693660046174955,42
15,102.34064175839319,40.12188727671608,42
16,-137.71691664896133,-47.95159902919585,42
17,48.512876995947806,64.789634302134,42
18,-31.522308680174007,-49.53322155942418,42
19,57.92237228183998,1.0292992766414102,42
0,-9.839381288231039,61.02628201163384,43
1,119.83507124528342,66.70645953215325,43
2,72.51112784740161,-17.4931347169544,43
3,-100.14413733368697,-37.63003723590754,43
4,17.38135073213428,-62.46847379436406,43
5,-41.41056519292863,-29.65090111848943,43
6,-35.810651798755,-69.62696271504896,43
7,67.41585031374154,-15.17095123842104,43
8,52.122120391962255,65.16783234150537,43
9,-79.6257910296324,-7.3455661812974995,43
10,51.37351698014999,-61.42236900607722,43
11,9.882843825801103,13.525579053874154,43
12,-175.71334432885604,35.64416620994034,43
13,148.6046405200213,-15.118189159025974,43
14,163.15583812777754,33.298120075229136,43
15,118.18536140414545,39.187911026152875,43
16,-145.53804594179172,-54.87044893886575,43
17,24.05878252750145,52.87791185725936,43
18,-40.940851740266424,-42.21836315059008,43
19,91.16283276915834,19.709977433085243,43
0,-9.269121049487467,61.806485712755745,44
1,120.9730467564957,67.09195425545283,44
2,72.45524753127967,-17.88749712851103,44
3,-99.48157215688799,-37.41414956158886,44
4,17.51307828390827,-61.59501639801201,44
5,-42.21499389644754,-30.465035518563802,44
6,-37.1982270146639,-70.05330297314589,44
7,68.06534525079277,-15.633923821371468,44
8,52.80840443078094,66.19444128546851,44
9,-79.55881679694994,-7.4771698862624305,44
10,52.538181602187336,-61.09019266998527,44
11,11.720603039863903,14.25186594202718,44
12,-178.89060280976815,37.315516947251055,44
13,146.3505574084906,-18.22758405041874,44
14,157.3873065659546,32.211302170985604,44
15,133.80557513964789,40.09247597454947,44
16,-151.29616719053152,-62.30718994053401,44
17,-4.254674026858737,43.36012561669148,44
18,-51.02090360150058,-34.71084648757584,44
19,113.91116688582969,41.95945374642534,44
0,-9.322099791750901,62.2578236255639,45
1,120.73817642458295,66.92449116029735,45
2,72.45770603780565,-17.8497641435835,45
3,-99.94948644744207,-37.54762696378051,45
4,18.067079254548617,-60.77230649698372,45
5,-44.204507475644334,-31.06741626706883,45
6,-38.11994071403586,-70.46692380111749,45
7,69.11252643124362,-15.917364814223887,45
8,52.7664185673963,66.5333534874409,45
9,-79.58932929944191,-7.6425836233331665,45
10,53.149479111561334,-60.73091629675237,45
11,12.21844461537475,14.841852525271975,45
12,-173.3945616409692,38.67728664619244,45
13,142.24505952031927,-21.071528597718782,45
14,153.35669876319264,31.189361317519214,45
15,145.99333634765924,36.38130402604682,45
16,-158.5625837558204,-69.35845996040716,45
17,-36.08565581869243,35.0610184369214,45
18,-54.36560757002489,-26.103061479885078,45
19,135.0757415747562,64.08200238219752,45
0,-9.494389884107903,62.85633152223053,46
1,119.81722871961551,66.33944165857275,46
2,72.5097179062995,-18.1177720640315,46
3,-99.22552757327335,-37.52015543961504,46
4,17.766508910571616,-59.79158428633022,46
5,-46.283151312095185,-30.773921933842807,46
6,-38.849762307901216,-70.65320579368485,46
7,70.47328608754648,-16.174156221969596,46
8,52.96121455662757,67.16340898221756,46
9,-79.34731026331204,-7.2736121739794015,46
10,54.70867209620317,-60.19952198727428,46
11,12.05348785287211,14.131943372129271,46
12,-169.01973610299007,38.56060769347627,46
13,136.78523672243966,-24.292615274260157,46
14,148.14168887869096,30.684088787658467,46
15,161.70736910650902,36.0510819031841,46
16,-170.95659250848857,-74.41900223949358,46
17,-53.25951189775867,20.18071735209827,46
18,-60.002105923609236,-17.81427837617754,46
19,173.4307063702662,79.00427166835163,46
0,-8.929670877150556,63.657499426884016,47
1,117.82151662694258,66.09027232062695,47
2,72.33023958642804,-19.017012720055973,47
3,-98.61667945325203,-37.675178456364556,47
4,17.447719504227223,-59.14309892506271,47
5,-47.123276136768,-30.63281894041323,47
6,-38.88779157283946,-70.66993981411807,47
7,72.50360451716608,-17.51033476409671,47
8,53.224989884078155,67.5664012790443,47
9,-79.02935083028045,-6.6031587625775074,47
10,54.80078802121952,-60.155602488549306,47
11,11.616120300550477,13.598439319622898,47
12,-164.26194612486378,38.654054672643895,47
13,132.76143924349725,-27.8156826905256,47
14,143.0881072814094,30.04516734524678,47
15,175.42932710245628,39.64851965991855,47
16,-173.89758667128166,-77.26537121895296,47
17,-64.19473735438001,3.6980384349988213,47
18,-57.869315002359826,-9.083193279694541,47
19,149.01155513401324,85.03927012693978,47
0,-9.045824714950214,63.496695943332384,48
1,116.75222169793915,65.92736713811803,48
2,71.8642434730292,-19.603234726756554,48
3,-98.66940988799578,-37.662295406760144,48
4,16.949071010756143,-58.255892289073806,48
5,-47.143787226045106,-30.63345374357904,48
6,-38.52288406146363,-70.50328599691974,48
7,73.13947198788037,-18.046909954113573,48
8,53.297214382833204,67.62947980976051,48
9,-80.3927997184557,-5.75059829959045,48
10,55.475886352242355,-59.86697300418592,48
11,12.087387372180757,13.931796793340325,48
12,-158.7030602082469,39.527800253639214,48
13,128.95797388365884,-31.547431188599667,48
14,138.67944646722202,30.076067117566097,48
15,168.8014439759579,42.89719756799144,48
16,-157.76350897585831,-77.46190689939827,48
17,-75.53764018876812,-12.284439669891668,48
18,-59.43182326182206,0.8403011829752245,48
19,104.17360850329294,73.4955093158137,48
0,-9.332218257750782,63.0690591355432,49
1,116.40137424592507,65.85499441623094,49
2,71.17577021826207,-19.961350855000262,49
3,-99.29917960623432,-37.34072284376261,49
4,16.146955415178383,-56.99550273372463,49
5,-44.78284501367514,-30.027896607724315,49
6,-38.663503019346905,-70.54401429850171,49
7,73.49648425832228,-18.23118864383372,49
8,52.26630430618823,67.15019811771057,49
9,-81.6449427519017,-5.171676422887344,49
10,56.405385543761724,-59.00471014145164,49
11,12.444869259475695,14.356249921058122,49
12,-150.48029021035558,39.03925852312051,49
13,127.41953824686772,-35.212764106229464,49
14,135.01231726413755,29.589689474298382,49
15,154.0817345163768,38.51529441477095,49
16,-143.65436897566116,-78.33655533065561,49
17,-83.63590789476274,-29.546211174983462,49
18,-61.26620501537168,10.054531637985804,49
19,52.35387823363416,74.85762345722335,49
0,-9.350474175198912,63.03494767080025,50
1,115.17875849522312,65.43448055505658,50
2,69.53771039461023,-20.80910701372636,50
3,-98.4122386848614,-37.69885205175609,50
4,14.98367005841132,-55.22962367330975,50
5,-42.804242675743325,-29.83063582104792,50
6,-39.58461155857293,-70.78457892396509,50
7,73.64030602401476,-18.321156019779693,50
8,51.40951530715773,67.08153883905217,50
9,-81.82989094092946,-5.0310191447022845,50
10,56.394132564406334,-59.01994631021725,50
11,12.792783653966751,14.904831466067137,50
12,-143.57198369509211,39.29835559066257,50
13,125.70703626276958,-39.00575319845367,50
14,129.22085917479433,29.038279437534115,50
15,141.20233554778162,33.43758761812296,50
16,-129.8336992557571,-80.35442309175413,50
17,-86.57164756425787,-47.5250766403285,50
18,-70.9924546895809,18.453672191880756,50
19,1.182690141172401,79.33492386253192,50
0,-8.427812666477223,63.86329510283082,51
1,115.48104604529823,65.62078652619806,51
2,68.4277335991809,-21.3914135054045,51
3,-99.1382053497621,-37.400588268660194,51
4,12.760017607855502,-52.963634736767816,51
5,-40.303006397836185,-29.466735500996037,51
6,-39.85611341416876,-70.854488684386,51
7,73.8962919548922,-18.5026156987837,51
8,50.27852863880506,66.84368587514243,51
9,-82.84078767797439,-4.624583714591935,51
10,56.6864890490661,-58.287195355677575,51
11,13.398037364401347,15.769330706596705,51
12,-137.3636155414747,39.466818157188044,51
13,129.19218513404508,-42.55508051317904,51
14,122.8207466591715,28.670160014204868,51
15,127.4418756252515,28.48586845649247,51
16,-118.02850702946549,-85.13476310647309,51
17,-97.45854098073762,-64.92649109211891,51
18,-84.78541662834962,27.003441536577668,51
19,-48.95965013497431,73.58520560884713,51
0,-8.796447120582513,64.41977194484659,52
1,116.41542407905206,66.35689096678502,52
2,67.34972791532738,-21.829874408805125,52
3,-99.95123017773905,-37.022418032769714,52
4,11.08430958947551,-51.38136050723666,52
5,-39.53896564639439,-29.19957254544685,52
6,-40.01520099651421,-70.90346334893346,52
7,74.04684778814732,-18.753768380838608,52
8,49.51422437864724,66.50289643474119,52
9,-84.31405787753299,-3.7287900373004845,52
10,57.00054882228912,-57.90994838612503,52
11,14.009004114119591,16.165467844065617,52
12,-129.92651851532042,40.840662182345824,52
13,137.1691179574359,-44.19381391224443,52
14,115.59517683911707,29.78778031312075,52
15,111.4290060802793,27.467379341748867,52
16,-106.94543490902045,-89.41673542619547,52
17,-110.03877863709607,-81.65925611641502,52
18,-100.34210969321558,33.54512752760171,52
19,-95.15374340851429,62.632287245361795,52
0,-8.688064405964298,64.55247585481942,53
1,117.18706954820914,66.6683296844325,53
2,68.48442681851114,-21.669564732479188,53
3,-100.48077682135367,-36.847054800761924,53
4,9.516076957236095,-49.933246520782674,53
5,-38.43741692734528,-29.124872766849315,53
6,-42.39736339843779,-71.49221936470204,53
7,74.33513406837983,-19.255444542852544,53
8,48.23037263895108,65.9347132331176,53
9,-84.96099981234097,-3.1409771117051264,53
10,57.05928319621651,-57.862883636534086,53
11,14.978780741202627,16.761523413227607,53
12,-122.00516360677175,41.36323801600744,53
13,143.61505307120325,-47.45197196903972,53
14,106.6216558480478,29.7320785852,53
15,97.70501830597328,22.493898103836443,53
16,-99.78405864758871,-85.00633898919645,53
17,-124.97297139061888,-81.44014700095522,53
18,-116.77401590921193,40.270421704552916,53
19,-142.84537949741875,51.55261018114143,53
0,-8.352268375393294,64.98640198149235,54
1,116.46791774767979,66.48081007641485,54
2,69.51737590770094,-21.595929400632883,54
3,-101.71905029327213,-36.59367984956292,54
4,8.932178713847094,-48.27968487460836,54
5,-38.31387446491809,-29.12498824836323,54
6,-46.786556392816834,-72.49128834413014,54
7,74.61162080661967,-19.82190389907285,54
8,46.48439860513054,65.44024064211428,54
9,-85.1561356701436,-2.9655149353741166,54
10,56.938991194979366,-58.24055971619993,54
11,17.809428262837514,17.902138948337978,54
12,-115.63653059503005,40.89875879513531,54
13,144.82148326150605,-52.39738318472663,54
14,97.19476699970141,30.168499008550484,54
15,81.23551336751302,24.337051429877192,54
16,-96.27006273870752,-78.03341401989206,54
17,-128.9413092610591,-63.579355276115066,54
18,-134.19282393170906,45.965460079411116,54
19,-171.40225166845963,38.08413065573842,54
0,-8.494121245070147,64.78507416730952,55
1,116.42069712556071,66.46786000109384,55
2,68.00325529400314,-22.017203953129126,55
3,-103.63296154801468,-36.531683232721974,55
4,8.032053648496941,-46.38018370144525,55
5,-38.17059224045454,-29.187463196714575,55
6,-48.98564952905181,-72.52428996436498,55
7,74.95059378715575,-19.98652818478041,55
8,44.53854186370643,64.96448017809686,55
9,-85.15348561463229,-3.147842231430886,55
10,56.840164390690745,-57.94156082424377,55
11,21.144607168893288,19.476015825703655,55
12,-107.76484614790984,40.62040212478536,55
13,147.53771925314408,-57.1490443994393,55
14,89.87654858814307,26.890629854121485,55
15,64.17260089037475,27.085821418703134,55
16,-96.906077557161,-71.88287576272137,55
17,-146.53226029649298,-47.45548693012062,55
18,-155.644441828764,44.02999351132709,55
19,-132.24352907424804,19.44408030855078,55
0,-8.30286414112399,64.82395772629431,56
1,116.08364734194674,66.38716778330462,56
2,66.62566289042593,-22.68277512667281,56
3,-106.08339110633415,-36.2954519927376,56
4,5.838261410565337,-43.709683585125994,56
5,-38.17300487283089,-29.187141829136507,56
6,-52.475919471737384,-72.54032288103399,56
7,75.44889330131363,-20.22655178247045,56
8,43.65142318237892,63.67015143323789,56
9,-85.21414427481359,-2.898860314602487,56
10,56.4015155937349,-56.71125555182533,56
11,22.779840522448097,21.532359559075473,56
12,-98.67664206811891,40.77901865142681,56
13,143.21112712010176,-61.39648103237338,56
14,86.97744230562978,23.681723769449178,56
15,46.90604591744895,29.447148672911283,56
16,-94.1479322507706,-65.29950594737181,56
17,-165.52975952428255,-32.218380823198515,56
18,-168.7325894284843,36.68332087088369,56
19,-84.21395258250647,7.29245511545119,56
0,-9.268197238023362,64.86175229534328,57
1,116.62797481558704,66.52757732945088,57
2,66.65473915322528,-22.653539313369322,57
3,-108.08093745247288,-35.832470441196584,57
4,5.783309779636738,-41.21525681623175,57
5,-37.695357705088156,-29.372780429644976,57
6,-57.189983366760174,-72.83420410926925,57
7,76.43261183484805,-20.720739613737294,57
8,43.62433172779916,62.16825866336973,57
9,-86.29745891816911,-2.334523680980297,57
10,55.13632780325719,-55.635740438692125,57
11,25.66907871738448,23.225034887819987,57
12,-90.92703792321853,42.45534436113789,57
13,142.5384035484263,-66.26427291318139,57
14,80.85996987300865,19.64810935084624,57
15,30.71166991805569,27.321410274429596,57
16,-89.01144229983491,-58.716277341167775,57
17,-160.18033828036818,-14.90474314757519,57
18,-176.37832699084424,30.465068400572378,57
19,-43.315155933993,-9.743802042547216,57
0,-10.053883045331503,64.98028523096613,58
1,116.99280414783306,66.60503317236055,58
2,66.59999231716097,-22.7720996583342,58
3,-108.8677493061004,-35.606057070700736,58
4,6.34971119509953,-39.836925268280545,58
5,-37.99107462840672,-29.2548958926295,58
6,-62.535487151722364,-72.93670036200872,58
7,77.06555557284389,-21.169670190272612,58
8,43.504072693705666,61.97934658828899,58
9,-88.38553535032523,-1.6418937096619288,58
10,54.98129722428999,-55.27396785831167,58
11,27.35252517675673,25.36044485836591,58
12,-82.54830276239002,41.46896877478122,58
13,142.5737527733549,-70.59780636696102,58
14,74.34726587369607,16.60017928172364,58
15,16.89185553372181,28.97265724456159,58
16,-88.15189810652558,-52.10692301278128,58
17,-174.17453409623448,0.8927481962608539,58
18,-159.55481766424208,24.066935167310604,58
19,-9.838772135521452,-29.007801756765467,58
0,-11.238609511179845,64.68690110982888,59
1,114.94218782884667,66.2119071027042,59
2,66.13135240222331,-23.849296752085507,59
3,-109.89478534215303,-35.570881631822644,59
4,7.26108902595584,-37.33444042662393,59
5,-37.8445870216342,-29.307450821303547,59
6,-67.04788420158599,-72.4967071232272,59
7,78.73026509383658,-22.34362555484232,59
8,43.571555297732544,62.586252227298615,59
9,-91.30971506052694,-0.5866701854789085,59
10,54.978192845414156,-55.2598418439542,59
11,28.38847276827491,27.539622488289424,59
12,-76.1847346569602,43.34378095773468,59
13,141.29255107926105,-75.22671028992026,59
14,66.1988586654434,13.898255366721955,59
15,2.82442106972303,32.313961650101405,59
16,-84.34377826437,-45.37044237233482,59
17,-169.46745524115235,16.117147043958028,59
18,-139.2503706216096,23.135527215331535,59
19,19.14183460815974,-50.420511748533876,59
0,-10.444364445212955,64.93083674252333,60
1,111.13923399226059,65.99831357542635,60
2,64.7862515787267,-25.259083840575457,60
3,-112.05068242151205,-35.26360966481854,60
4,8.730835380447104,-35.39152021027299,60
5,-39.21194229268315,-29.10826062722436,60
6,-70.68928928717672,-70.98820427528294,60
7,80.05708111000803,-23.314338933998698,60
8,43.46761455255225,63.26394667604069,60
9,-93.53120232110572,0.3522881850541921,60
10,54.49941098427422,-54.871185871443565,60
11,30.978120426559485,29.62618303040638,60
12,-68.90204167181264,44.58306817888791,60
13,140.3363848529413,-79.7271903534239,60
14,59.90626864340777,10.359891387396559,60
15,-11.561414879250663,37.139759463166044,60
16,-84.4325358812361,-38.51204536364653,60
17,-174.36172427466985,33.96536621525071,60
18,-119.78495116949523,23.331418007645055,60
19,20.306998660039426,-76.65819790114324,60
0,-9.69108483743588,65.48350716765091,61
1,109.55193769993343,65.6529509512263,61
2,64.68411219213377,-26.208644840551955,61
3,-113.5722582628357,-35.31154828393851,61
4,9.814761578184488,-32.68144180018364,61
5,-40.84595463550758,-28.943251678473295,61
6,-75.21353550166997,-69.81467616441552,61
7,81.34588795756173,-23.77223718136665,61
8,43.272762592611656,64.07108000476072,61
9,-95.25310293640574,2.518577460252942,61
10,54.060946415799094,-54.153903417708605,61
11,31.054846631709495,32.37338831970385,61
12,-62.029577876198346,46.050148204363325,61
13,139.41578947056968,-83.15150630881799,61
14,51.09531244491126,6.7615821755634045,61
15,-28.238831562704377,41.03133115329936,61
16,-82.53344451026899,-32.12868669835422,61
17,-174.89162784018473,51.96159808971274,61
18,-99.8377172119124,22.193886057845347,61
19,6.554508601702878,-77.98344663043385,61
0,-9.44200133534926,65.64412757013599,62
1,109.03280861119595,65.41584168628424,62
2,64.56445993352838,-26.706479437219343,62
3,-114.34867005619392,-35.27786902898177,62
4,9.751624187198047,-30.358869000857688,62
5,-44.493043835851466,-28.815448346885262,62
6,-76.70950869809519,-68.78849295770104,62
7,82.94484642934634,-24.223559195958515,62
8,42.0511499057034,65.44280343635478,62
9,-98.58278487282675,3.7187365825247696,62
10,53.72941935543216,-53.541971593997886,62
11,31.34321830895152,33.78641772367335,62
12,-53.07031279980035,45.94583299394321,62
13,138.74951105528936,-87.61841030401443,62
14,42.68574250219777,2.424413435770788,62
15,-43.65352595898298,43.4323290627793,62
16,-79.35380507515899,-25.64498920848588,62
17,-175.48377277873544,71.96093222802256,62
18,-79.60538813104672,20.08357237555198,62
19,21.52478020128001,-52.08170455162836,62
0,-10.063316113943216,65.22562054490888,63
1,109.62599905635489,65.76721427360445,63
2,64.52595894169602,-27.64261209241223,63
3,-113.93862118738686,-35.2280599029722,63
4,11.519238728472828,-28.36265280451685,63
5,-49.05837815345299,-28.58799262583453,63
6,-79.28292597169607,-68.37672971131659,63
7,84.74372554837703,-24.83446231146567,63
8,43.13546827693955,66.94354829501137,63
9,-104.40628203348305,4.6380968198824775,63
10,53.79517324068965,-52.5134883949809,63
11,30.462714553316516,35.60345938449579,63
12,-44.97393047084773,44.46120603776234,63
13,135.36596053969862,-88.21093287330713,63
14,33.00000905252162,-1.678701582002688,63
15,-59.696232999829746,46.5141438122335,63
16,-70.51849594300565,-21.762349241148755,63
17,-173.24927867277552,89.222650285758,63
18,-58.28047180151255,19.69040658024967,63
19,29.410289529419885,-25.987566495217067,63
0,-10.063450403167707,65.22512421100407,64
1,111.12610711421763,66.783174382385,64
2,63.98324406946901,-28.727927765480423,64
3,-114.33408217892206,-35.25862626499211,64
4,11.16981947214498,-25.61082286165515,64
5,-53.8271762106331,-29.848322919697132,64
6,-80.83776639333574,-68.1574943441744,64
7,85.92954449575132,-25.46110730972636,64
8,43.5684248539346,68.09569687333641,64
9,-108.10959097909942,5.742660350754306,64
10,53.64549725516207,-51.454879137223166,64
11,30.243211154315873,37.44706570766522,64
12,-38.133492195259436,43.04823815796695,64
13,129.6326645626375,-85.58049249494985,64
14,21.369497061499345,-5.0809108063191815,64
15,-74.57270177918002,51.06479165671061,64
16,-60.24605491734074,-16.636221148554384,64
17,-177.33243071283226,71.58267456491544,64
18,-39.65211734391855,21.39399482625788,64
19,60.25463069404242,-3.8819660162492937,64
0,-10.006883330512153,65.31766548172948,65
1,113.33178699378385,67.37830275042836,65
2,62.90011836375831,-30.06163450388349,65
3,-115.39522162942323,-35.34838540647072,65
4,11.017193316477972,-23.341747826541393,65
5,-57.004969017381654,-31.19237844737254,65
6,-82.36235788445526,-68.41138917008786,65
7,86.434980105399,-25.705868806452486,65
8,44.29051580007456,68.45466621102506,65
9,-113.14297495236153,6.841670773020738,65
10,53.05808465268416,-50.63983379177504,65
11,30.756533285534715,39.51903629341231,65
12,-30.062258522643276,41.644724920197945,65
13,128.4768422232408,-82.08133368984205,65
14,11.636550703108611,-7.569342802896514,65
15,-90.46624731873278,56.00837807410579,65
16,-56.568164209726845,-10.88987293147322,65
17,-156.5887524768699,57.28394670929413,65
18,-23.2852692726766,25.080378628104526,65
19,92.44214941320962,17.391692780063096,65
0,-10.026164066955374,65.18307980080652,66
1,113.97622671322404,67.80796922982117,66
2,62.48222285560297,-30.71785132024968,66
3,-117.44877273516056,-35.4415200215013,66
4,10.835667309185737,-21.030857787236258,66
5,-57.27330731267321,-31.326555196235077,66
6,-84.18319289234246,-68.75756648556569,66
7,86.75056031978812,-25.88137795911736,66
8,44.60416601912735,68.79980616677483,66
9,-117.1871264981016,8.81355272936132,66
10,52.60431891830751,-49.74740336108625,66
11,30.24306509643324,40.8981808868557,66
12,-24.177630788552477,40.25016568292034,66
13,129.31715450662557,-78.36401390019545,66
14,2.7430186279995326,-9.708646904017968,66
15,-107.35050848408993,61.67866047076643,66
16,-52.80347731674844,-5.824960321255688,66
17,-139.63489228433997,42.261695846119125,66
18,-6.703733707492859,26.633702059639973,66
19,131.50137020973614,36.638499765738885,66
0,-11.12156561261736,63.85628463627333,67
1,116.16638382725188,68.25118353709243,67
2,62.474729746936646,-31.729374531451533,67
3,-118.31261687550995,-35.63942366499771,67
4,8.687532231281693,-18.558893053304672,67
5,-57.21657359209236,-31.31205521694727,67
6,-85.64113008018502,-69.20850464335001,67
7,87.56149029634747,-26.336382702993646,67
8,44.62029228019969,68.83522676966314,67
9,-121.26657598290777,9.860747790659687,67
10,52.62767454228663,-49.61745610968925,67
11,31.55425235584778,42.28289125873059,67
12,-19.167057613443887,38.43909053486627,67
13,134.2099338745811,-74.85252010445991,67
14,-2.1122830654612414,-13.536879121478592,67
15,-125.07382589840022,66.86900639356256,67
16,-46.91304559418296,-0.5999879196413502,67
17,-104.50210689506744,38.021885221286766,67
18,9.57521685395642,30.514249997200537,67
19,176.18533225459277,51.710613272909484,67
0,-11.807890922447427,62.49931833185852,68
1,116.72090814036426,68.53842553063146,68
2,62.47441200540325,-31.726168957527165,68
3,-119.6808616375784,-35.91371032555543,68
4,5.493301558536615,-16.711270085187152,68
5,-57.23654590937697,-31.322017081247367,68
6,-86.4825273592472,-69.55076709008574,68
7,87.83288091961435,-26.558877894894763,68
8,44.43129982058957,68.01519180744074,68
9,-124.3844133668433,11.147783948913201,68
10,52.60403484865151,-49.66792947391012,68
11,31.985186718668956,43.55999800845933,68
12,-12.75480483356884,36.552941810897565,68
13,133.77360910397,-71.158736724063,68
14,-9.704515822222021,-14.92677726555057,68
15,-141.76539092578918,72.4759177224092,68
16,-41.73495478631247,4.041420005935976,68
17,-73.70707551981263,28.965955805227892,68
18,27.504720321706316,30.936867065712335,68
19,147.64097123227072,71.05119660560055,68
0,-12.05242298407913,60.97792436036002,69
1,118.0740999024012,68.91574713170326,69
2,62.44027674208695,-32.55542235503336,69
3,-120.50410779347374,-36.03181564593482,69
4,0.9840779587676138,-14.400071367188474,69
5,-58.80030254149271,-32.12474403478012,69
6,-86.0622527135537,-69.34107813099115,69
7,89.47493001251416,-27.89823938499878,69
8,44.50169475169341,67.79631213174656,69
9,-128.20226612438623,12.59036598984676,69
10,53.06897287805481,-48.954117916513894,69
11,31.831675247562032,44.40326717501813,69
12,-7.107541983206971,33.63029371972394,69
13,134.56464407141306,-67.01548560586973,69
14,-17.037131340525406,-15.729959657547937,69
15,-160.41221923245598,76.50362765491263,69
16,-33.468072821106915,8.443084292579982,69
17,-38.11886693823271,26.561275321004658,69
18,47.10458583269158,32.41117219637377,69
19,107.20380398473333,89.05051552253187,69
0,-12.829904089134857,60.01584149288561,70
1,118.09367751610085,69.05467255559932,70
2,61.291792085515,-33.89406125257917,70
3,-120.50576337303357,-36.03169525207694,70
4,-3.099552881098248,-12.016282108637569,70
5,-62.333681268357694,-32.427036327659444,70
6,-85.9962099421522,-69.33077383561215,70
7,90.47407583188925,-29.398828023052772,70
8,44.84868455221667,68.53893308167022,70
9,-131.32270813900809,13.476304346763428,70
10,53.206696511240295,-48.673512256367914,70
11,31.830558981571755,44.40558377504277,70
12,0.1338091401420911,31.074340953307853,70
13,133.56595159860927,-62.289352877119775,70
14,-24.362133246082777,-17.009705814090083,70
15,-176.94925978248406,81.3786755695304,70
16,-24.19212922904012,12.106830929968368,70
17,-10.028647830664454,15.835407909275915,70
18,64.42182346361827,37.6373550092042,70
19,65.21594339515482,74.36924977213039,70
0,-12.892227241291494,59.652967053685444,71
1,118.47563052812677,69.56835211454799,71
2,59.85907780402712,-35.175329561627215,71
3,-122.01941953859455,-35.960391796329446,71
4,-7.638135193394135,-9.473448343684169,71
5,-64.16320888974857,-33.63441847729758,71
6,-85.27968941942468,-68.97177773935694,71
7,92.83806736275272,-30.439311746336557,71
8,45.766922000764936,69.21405674349015,71
9,-136.54660496829598,14.16313100039389,71
10,53.67567591706094,-48.23343110737711,71
11,32.090148416244375,43.558763692629526,71
12,7.104563648255379,30.050088212614,71
13,130.62497160319003,-58.290475491121214,71
14,-30.80088375220393,-18.65761302893435,71
15,-165.89267884695414,82.38546556231128,71
16,-14.103691172608421,15.009047816115952,71
17,-8.435833092423934,-1.630437489991678,71
18,85.44594249895158,37.99796028878265,71
19,39.1791597002875,50.505029120868585,71
0,-12.913963153823659,59.57907165610652,72
1,118.50795947898291,69.59716110372923,72
2,59.57835398238757,-35.42601605113722,72
3,-121.86933443836354,-35.960222835693,72
4,-7.632116307980965,-5.602662510101226,72
5,-66.59282681475895,-34.531315103312664,72
6,-85.48103448680718,-69.08875589180306,72
7,95.45425421885642,-31.826875264431486,72
8,47.01005096763984,70.27456614338476,72
9,-141.98285885007374,13.43440829804939,72
10,54.44082902465482,-47.8992605014087,72
11,32.12103328617411,41.86307862070336,72
12,12.613366387289233,27.367026707043124,72
13,125.51712955551625,-55.45283532307254,72
14,-38.0468111275253,-19.758999882561668,72
15,-146.55508884353497,81.66671066506959,72
16,-4.8381493724157,18.658468578823445,72
17,1.124279860535779,-19.286231697673898,72
18,106.07031300774236,37.19295882436222,72
19,7.031676075536154,28.9636839682136,72
0,-12.77511838329903,59.839684851476335,73
1,119.65627169626782,70.72799807569362,73
2,59.153757808553934,-35.605961685902905,73
3,-120.09394567300468,-36.070025281097635,73
4,-6.994521971188789,-2.126714781340354,73
5,-70.37490539901711,-35.521369295436884,73
6,-86.23982808031268,-69.24772991734187,73
7,99.91682043976334,-32.33556651443916,73
8,47.33829702255596,70.83279065767573,73
9,-148.73459979778224,13.462509176348107,73
10,54.927085632760225,-47.30442066065614,73
11,32.05944278573972,42.14381408836377,73
12,19.314601639049926,23.77458496226862,73
13,125.3834100637522,-52.42852548820657,73
14,-43.92263831909065,-22.112149939475188,73
15,-127.96041539281805,81.51598506398673,73
16,1.5767105856753005,24.169975941309858,73
17,7.93216823240644,-38.64574267632396,73
18,126.00551892686747,35.97415433675043,73
19,-13.531831892226421,4.625171100416068,73
0,-12.771240257447573,59.850812850641404,74
1,119.53509527289373,70.66204769776536,74
2,57.874876648441585,-36.21685733634339,74
3,-117.05255636680752,-36.199952480715176,74
4,-9.1055736072976,1.1787913711869464,74
5,-71.92368741533838,-36.22190172679991,74
6,-86.31795587598509,-69.26568500672778,74
7,103.4547941073875,-33.25572659828975,74
8,47.852033053783714,71.21902031560771,74
9,-155.17641007212265,13.935790448590865,74
10,54.93014762088751,-47.186163311784426,74
11,32.14015998585285,42.90984022040914,74
12,25.00444390646831,20.652216635244002,74
13,124.2578891109867,-49.52154000409814,74
14,-49.38772961578508,-25.03035589535341,74
15,-108.75384399684269,81.24559743493433,74
16,10.28936335432391,29.813931738353432,74
17,5.144188925131999,-58.60916185156351,74
18,144.88437317622214,35.027952478011144,74
19,-45.41306728622868,-15.655701787303187,74
0,-13.139914593589538,60.17373787459954,75
1,119.22985613695641,70.47402017136787,75
2,57.77318591857744,-36.26658150775304,75
3,-114.39982438871847,-36.27656130942902,75
4,-13.134770663650642,3.6581788017376766,75
5,-73.88640722621238,-36.802988709585215,75
6,-88.74231781100745,-69.79781652099601,75
7,104.34950921691848,-34.32001999231905,75
8,47.609859587300605,71.13331125738114,75
9,-161.08238707945992,13.698885557000878,75
10,54.70801436091446,-47.6589574586151,75
11,33.410726919820064,44.1328353135184,75
12,32.48237405011625,18.573910780186907,75
13,125.22317215711894,-46.66868469682923,75
14,-56.08103347337524,-26.876551866790685,75
15,-90.4286815256623,78.90395690045898,75
16,11.461594595328478,37.27758441211343,75
17,-5.49124557947178,-78.33216082424786,75
18,161.44248761797058,39.012490923219076,75
19,-87.68293050220332,-31.290489826154804,75
0,-12.29498128332375,59.5065607489351,76
1,119.32025706257451,70.59117915948832,76
2,56.973341304964066,-36.72127337471882,76
3,-112.83855090305634,-36.294914560266996,76
4,-17.250660628239643,6.167749781027894,76
5,-75.267965421787,-37.598586419329486,76
6,-89.77789560783634,-69.90416346594843,76
7,104.65950563661852,-34.79576338374995,76
8,47.06797725397416,71.00175820783008,76
9,-167.03594762926423,15.057681959425608,76
10,54.95507704819994,-46.91695697626867,76
11,34.97792985457295,45.83268661726953,76
12,41.20378275716885,17.212992726677186,76
13,126.03386038682675,-43.276470430088715,76
14,-62.56448077523709,-29.33216848484505,76
15,-73.96753874165223,75.61944979491653,76
16,16.16180339328659,44.34549680896865,76
17,-22.006428917169245,-82.95712098677511,76
18,173.00062420949314,45.84202758594398,76
19,-118.62151964203048,-52.443829541835804,76
0,-11.752706018563117,58.62536851145208,77
1,120.13384085084544,71.68332658812506,77
2,56.16557187386573,-37.14672446934379,77
3,-108.33846181131777,-36.064282588809135,77
4,-19.97539961239943,9.203928802209973,77
5,-76.61829513435636,-38.11737816756521,77
6,-91.36018311428114,-71.23743104082695,77
7,104.8926917637337,-35.32834527885899,77
8,46.19044448648103,70.9439497320077,77
9,-170.7566476063821,16.530577299065044,77
10,55.450258917077605,-45.849417973872605,77
11,35.97815146593342,47.534051682671105,77
12,50.465996951423136,16.257291611390727,77
13,128.56483527046316,-39.58201905428535,77
14,-69.36502012957568,-30.99092232322063,77
15,-58.06893877470385,73.29556802599782,77
16,17.79010286052261,50.87131644615002,77
17,-8.661861090643669,-63.377544470521244,77
18,178.1182444164054,54.2254035994973,77
19,-151.11948261222943,-73.55321875659985,77
0,-11.88100977896886,57.551072819751425,78
1,120.70620714478576,72.78430992016058,78
2,55.269450345554475,-38.04331245539891,78
3,-106.43862581429428,-36.37845927748703,78
4,-21.66380581850825,11.464100370673265,78
5,-76.98025488210057,-38.429382756456775,78
6,-93.48232375990123,-71.83002749702278,78
7,104.80620875521169,-35.04807925034583,78
8,46.77423534909403,71.15176757738908,78
9,-173.17700396503756,17.725034976395577,78
10,56.454105827030446,-44.768915607775,78
11,35.94201373171353,48.66336602159555,78
12,58.7784130829304,14.836961907325843,78
13,129.3980563365556,-35.07392627576825,78
14,-76.2832242190076,-33.258971343505685,78
15,-42.74915488005152,68.83285987937253,78
16,16.479883275300097,57.06120187498931,78
17,1.6046657904472,-43.71711527306351,78
18,174.73352407861205,63.587653063888325,78
19,-170.34738617998792,-81.3897444508366,78
0,-14.320304771849493,55.88178826581577,79
1,122.97084954514804,73.69171488401867,79
2,55.24757937406329,-38.07261596299556,79
3,-104.8954143198939,-36.726629104579025,79
4,-22.330133862354785,13.147952945165812,79
5,-77.21357427690826,-38.73244732586229,79
6,-95.51672303867409,-72.8949981136906,79
7,104.05389370528314,-34.126289690635524,79
8,47.3062949596891,71.54347365365882,79
9,-175.43312539458998,19.867757320021866,79
10,56.574672304906414,-44.13118704800434,79
11,37.114045041140315,50.282097407250234,79
12,67.41022798149845,13.844691665386804,79
13,132.0884740907258,-30.708462786823468,79
14,-85.03700096971794,-34.057476010395455,79
15,-24.390021660914243,67.68279665154532,79
16,18.08717865948944,63.349405997521615,79
17,11.17989234360897,-23.6551111962103,79
18,172.20118556126744,73.04807278417644,79
19,-146.40473475142778,-67.21020776007903,79
0,-15.432484032386355,54.8404047177346,80
1,123.68071173664737,74.60370753473325,80
2,55.278979682920976,-38.04358965999494,80
3,-104.7244273653801,-36.74496805732576,80
4,-22.210002042139166,13.305618353209582,80
5,-77.63200407621541,-38.95963129098926,80
6,-96.77551135820653,-73.8897451601491,80
7,104.73069808641856,-32.95136446796791,80
8,46.92687607502987,71.3646225800181,80
9,-177.23045878500622,21.662256794995457,80
10,56.08298043756733,-43.492109580621246,80
11,37.57379264078952,51.78648884064589,80
12,75.42962820539785,14.078760243979431,80
13,138.08154223235329,-26.500839663550785,80
14,-91.75821310349198,-36.29528329004996,80
15,-6.698719472173082,68.33882866429104,80
16,22.33891102005333,68.7194483948613,80
17,16.552804570485165,-3.703057035293668,80
18,164.1961896112427,81.93134628106469,80
19,-102.97906309971228,-53.71272819425617,80
0,-15.706644557932975,54.14773937873716,81
1,123.92660239547905,75.45965483373138,81
2,54.98769157692112,-37.75468798200011,81
3,-102.35781267994537,-36.75089020743466,81
4,-22.331439720394087,13.979790790937969,81
5,-78.23502351559625,-39.5883884351835,81
6,-97.53923420805681,-74.30601734668235,81
7,105.6285812278764,-31.836256239157557,81
8,46.93436767861442,71.37303360848611,81
9,-179.61115818149213,23.195646498924717,81
10,56.46602333290497,-42.79613348557455,81
11,38.60454444492072,53.343853952053365,81
12,83.56506702879699,14.356548788342451,81
13,141.16276477153764,-21.367258737841794,81
14,-99.29640996961331,-38.93150467011245,81
15,10.118642956276688,67.89721492692019,81
16,26.649950618826466,74.03802132771762,81
17,29.202360611931596,15.128190450066029,81
18,155.749041614136,89.29904233708788,81
19,-65.42408629972601,-37.84922770773347,81
0,-15.715950842303357,54.164876297844444,82
1,123.9198461773077,75.272328048992,82
2,55.00603411863071,-37.684466219050584,82
3,-99.64490002916924,-36.8384517277336,82
4,-22.37578727608826,14.939856356849745,82
5,-79.62169439151069,-39.79623268069898,82
6,-99.09468416074911,-74.7807268513867,82
7,106.80626210572854,-30.520939905923726,82
8,46.82103267240373,71.31205041809582,82
9,-176.44725376532455,24.77276707518365,82
10,57.25903674580974,-41.56705384695634,82
11,40.71561845207384,53.96661467709086,82
12,91.23530068157254,12.763755350097142,82
13,142.95443243957965,-16.862211957841012,82
14,-107.64074089913674,-41.34506666810793,82
15,26.91892978636335,66.11037761180793,82
16,31.377287453466494,79.46326611859999,82
17,50.39067970270784,31.50324319131147,82
18,149.53937850140647,80.94205700837807,82
19,-25.45024103529093,-24.537617302861378,82
0,-16.39809840314885,54.57746383080408,83
1,123.71201783548412,74.99083822107718,83
2,55.07311087072961,-37.50902431994352,83
3,-97.12840764862096,-36.73058455597051,83
4,-22.885092512991662,15.943892954059478,83
5,-80.23968041085139,-40.015335189776486,83
6,-99.21194680430156,-74.79500780401997,83
7,107.83398108130388,-29.20472393572249,83
8,47.69364451711857,71.45020652521097,83
9,-174.6261441665009,25.39095156648804,83
10,57.62312236376292,-40.714665065014195,83
11,41.683922924089956,54.55674436576331,83
12,96.6525891647546,10.22600672744592,83
13,142.10899724664046,-11.830603214784901,83
14,-111.5913407370848,-44.72590456614691,83
15,43.9412353161581,63.77736910842927,83
16,39.61262931856203,83.78855647358458,83
17,70.06657516142698,46.77510373604417,83
18,142.80952492141154,73.68666640317542,83
19,6.295068215542159,-5.969457872363407,83
0,-16.90026803529645,54.827695796416236,84
1,124.26703624973442,75.3104634582418,84
2,54.89958657743662,-37.390097227878684,84
3,-95.26659904687588,-36.55131742305651,84
4,-22.543542690367673,17.247280168050096,84
5,-81.10172693797648,-40.51072807813199,84
6,-101.66626213029403,-74.8778341340229,84
7,108.14053191454309,-28.535399408936115,84
8,49.891822153400256,71.87218576522429,84
9,-173.16380918444383,27.127533993358128,84
10,57.09331666112527,-39.97962340435173,84
11,42.898462750912046,55.37231270119196,84
12,102.10631470675435,7.610387247102381,84
13,142.40061838304194,-7.188353352437105,84
14,-114.51183526736642,-49.09620042864505,84
15,60.85561674775326,63.86098518641282,84
16,42.82764730597154,89.5863838317317,84
17,96.11962630937188,58.35320483143087,84
18,135.04131919029658,65.86141209074393,84
19,51.01640243642953,6.773869206325912,84
0,-17.022060636495326,55.22969091672999,85
1,125.63050602906429,75.63635382709418,85
2,54.70773118324155,-37.24642629680811,85
3,-95.27287913066515,-36.55442757179494,85
4,-20.77410214614764,19.115997679869025,85
5,-80.69070162070653,-40.13479716204485,85
6,-105.00580958911225,-73.93136723342424,85
7,108.15185295021831,-28.50808509257198,85
8,52.18600893133339,73.15484552678444,85
9,-171.61236518332194,28.514954078435423,85
10,56.95501715697492,-38.49648266876549,85
11,43.89782540484583,56.74307426332899,85
12,110.22696919184347,6.124179541710788,85
13,140.0904502458991,-2.0877240462043147,85
14,-118.16700042228086,-53.78937753524677,85
15,77.79519363117885,64.60737166361179,85
16,41.45734182134794,84.50867708843742,85
17,121.04293352921832,69.97067350253951,85
18,130.84096327844668,57.69636184958247,85
19,84.85065677136726,25.9663001628076,85
0,-17.224017802018665,55.668467784181615,86
1,127.45342698686977,75.79770317336008,86
2,54.701827295228696,-37.24041506085589,86
3,-94.66432508840303,-35.91247056095578,86
4,-20.07350055636283,20.918684822745746,86
5,-80.65567472217097,-40.109321715327496,86
6,-108.9171150743835,-73.52081304030705,86
7,108.30867755366211,-27.94721703748381,86
8,53.51291632737045,73.9625920264155,86
9,-171.00635220558044,29.21724451833478,86
10,57.53289004968852,-37.41638264384135,86
11,45.42134915744964,58.69616722110129,86
12,118.29238249681754,6.635497971126128,86
13,137.4774083432913,1.834737648932176,86
14,-125.0054329020591,-56.574852493780696,86
15,92.85516792525618,66.00443727588151,86
16,43.22900284271407,78.62042589244572,86
17,154.87062599489246,76.74945718871993,86
18,129.04875073573925,49.141610065159824,86
19,125.50471151201526,42.68555290214974,86
0,-17.213451894200745,55.562726862271404,87
1,127.99855109406434,75.9250716863344,87
2,54.65730409595156,-37.14193567266844,87
3,-93.5210427712352,-35.4140522184073,87
4,-21.006661276498562,23.493049601798404,87
5,-81.41386310628347,-40.589481530401876,87
6,-111.59517904381747,-73.30837798561728,87
7,108.29450497725401,-27.817080904785733,87
8,54.611484738013104,75.00890821813061,87
9,-170.70266013821796,29.373751232802732,87
10,57.78817725471677,-35.70028862016375,87
11,46.216188247195504,59.7274428654614,87
12,124.0353204542954,8.35767897598167,87
13,133.61780131879368,5.364054761562059,87
14,-134.81565467612967,-58.15104501750753,87
15,108.87316925496594,67.07258322737817,87
16,43.71252167359248,72.1424272653457,87
17,167.82107138521218,75.20095616866968,87
18,125.99083742606211,40.005800256668806,87
19,165.31565687468856,60.02490689080676,87
0,-17.22992984224635,55.177025644558086,88
1,127.15645651011829,75.69130065880708,88
2,54.480420988194,-36.72206896274917,88
3,-92.25369959618037,-33.81913592414358,88
4,-21.316638996739357,25.306932236633443,88
5,-81.27693982542044,-41.25519033480714,88
6,-113.20958061896782,-73.15943364460017,88
7,108.3598565223931,-27.43459779019632,88
8,56.18018494607645,75.48323672334087,88
9,-169.8215008522461,30.433737227040268,88
10,57.00267091288154,-33.11260761952299,88
11,45.2696985218642,61.12389457951903,88
12,128.46498343259537,9.906945833342576,88
13,134.2533253108894,10.16566663789554,88
14,-141.76049344464045,-61.80074858486544,88
15,126.02132003959304,66.85463991587909,88
16,38.40741788543883,66.29116500707855,88
17,130.0671648522029,72.47972357906187,88
18,126.7177809836864,31.058505490809637,88
19,148.47859220201508,71.84831013148559,88
0,-17.586297098409943,54.7134280436276,89
1,126.49648902107691,75.27826689177965,89
2,54.39309803345736,-36.203371090876416,89
3,-92.25200147860532,-32.78507841850181,89
4,-21.568468374980455,27.064045672514155,89
5,-81.36208207568474,-41.351570846357085,89
6,-116.14911952387155,-72.93221267104869,89
7,108.39600178652785,-27.480466158722194,89
8,56.61177236063182,75.66977165335823,89
9,-166.95589952824298,31.5350330063458,89
10,58.66597350722637,-31.283324338888278,89
11,43.48852772588933,62.279746960612584,89
12,134.24028846884698,9.853471452264614,89
13,130.883053929249,14.129128241550902,89
14,-149.3313069409545,-64.68704580152628,89
15,144.21620637979294,68.72672628239567,89
16,37.724540151550144,59.87337037706544,89
17,90.53729903000692,71.74211141688167,89
18,122.64732986880915,22.024827121192004,89
19,95.93492723787853,69.58132393108014,89
0,-17.4965132616596,54.79420954231051,90
1,126.03310526173254,74.9272286548395,90
2,54.43248963211363,-35.779364135010944,90
3,-90.78253729260305,-32.0425938679304,90
4,-20.57885763153027,28.684872499555226,90
5,-81.49237400705645,-40.91647650752646,90
6,-116.93603046960345,-72.78177465768066,90
7,108.52568562626544,-27.59212556465318,90
8,56.458931494642314,75.62071919254305,90
9,-163.84789653219445,32.75559582193446,90
10,61.172298272313895,-29.497126552000083,90
11,42.963821034872666,62.672154250583105,90
12,140.55821796973237,9.859426451488773,90
13,130.99738596432064,18.138832350908928,90
14,-155.24271494853102,-67.55611222556247,90
15,164.75053636567702,66.35763066422413,90
16,43.83292135321676,53.4306107014838,90
17,53.59534353493257,79.30663738211186,90
18,112.56910384489083,14.185037490370775,90
19,45.752690539763734,71.87021684229279,90
0,-16.649610758183286,55.28397064407153,91
1,124.54592209223301,74.26018166763197,91
2,54.39713802591342,-35.46754939749873,91
3,-90.18690766255526,-31.850807372933176,91
4,-19.33237205654507,30.092604821956172,91
5,-81.51239607115106,-40.95568379253415,91
6,-117.79259755952937,-72.78616613300701,91
7,108.49061845573738,-27.56632959978873,91
8,55.926094240443405,75.3466311592978,91
9,-160.6009362804765,34.2217746166953,91
10,63.21413308194323,-27.854239506951153,91
11,42.12555637873396,63.31743770858415,91
12,147.69966815644494,11.178937768244438,91
13,130.23139248066565,22.629412642534433,91
14,-160.18575174074624,-70.85123881096945,91
15,175.54542817079312,63.457234742338954,91
16,50.33424630492587,47.122022074721855,91
17,22.292677876943543,89.36696369288003,91
18,98.68987837694931,7.276483102972193,91
19,-5.8292990256832695,64.44216785795271,91
0,-15.028194029683647,55.629715002783485,92
1,123.318580453918,73.40183423216214,92
2,55.2871981781434,-35.88092033838087,92
3,-90.42251694735351,-31.894740008711693,92
4,-18.916400935656583,30.667956007333487,92
5,-82.03455708240082,-41.48303647342481,92
6,-118.02879911801239,-72.7885546782288,92
7,108.68198273585716,-28.252151394963548,92
8,55.68812669648497,75.17476222081112,92
9,-157.33870938550538,34.50049651944481,92
10,65.31847421974123,-26.494330604271333,92
11,40.61070458390813,64.4626980418133,92
12,154.40529308003858,13.330194798764822,92
13,126.77957871307575,27.034376738216963,92
14,-164.67987426075808,-74.32616734299141,92
15,156.26102114016112,59.5463909412081,92
16,60.950949136521075,42.049712357407344,92
17,-12.620207613762346,81.9480563385408,92
18,82.64543387795663,3.0536762286310903,92
19,-57.82155690112894,57.74417442834539,92
0,-13.594345788160837,55.82677723070145,93
1,122.47089818134128,71.5882675819318,93
2,55.80268219731235,-35.99864911647887,93
3,-92.61892738691792,-31.817868974027952,93
4,-18.185272787865472,31.13332127737786,93
5,-82.604461742857,-41.96957248626371,93
6,-120.2745796093953,-72.30046770620865,93
7,108.5833678015419,-28.55171197505021,93
8,55.71132282530502,75.20751359287783,93
9,-152.66239458717854,35.06787991042715,93
10,67.1820220834174,-25.39476403854765,93
11,40.10357144607548,66.28185783475911,93
12,161.49880206060766,11.852324223935796,93
13,126.04663031212027,31.774371556327694,93
14,-170.04452544867016,-78.20917458366058,93
15,136.854415052356,57.30454428984015,93
16,73.99616170963361,38.65968464544679,93
17,-49.233040664525106,76.61441815577169,93
18,66.75764148608266,-1.2729620257311751,93
19,-109.9330694520151,53.89678965471069,93
0,-14.045856870645224,55.724657938989964,94
1,121.22866337053057,70.05735406731065,94
2,55.40493731922726,-35.7861129005595,94
3,-93.04654068830298,-31.791350139546388,94
4,-18.067278999048312,32.346818464458195,94
5,-83.16634206083789,-42.55115882771726,94
6,-122.81498612259972,-72.19491180619887,94
7,108.67338002681822,-28.205648077979603,94
8,56.164297358892924,75.64731755927798,94
9,-146.22502581873476,35.914513086081115,94
10,69.49090161112119,-24.74425390814862,94
11,40.159310313337386,67.68090424648642,94
12,165.2791766135303,8.317660480962076,94
13,125.35730800462278,37.37306647907408,94
14,-168.6843495411435,-82.85973985332642,94
15,116.65708306540955,56.60072052778128,94
16,85.28304632463028,35.04406030630717,94
17,-87.42493583777897,79.56356587935704,94
18,49.46778419510392,-2.883373999632923,94
19,-160.9028468791527,53.63572528255327,94
0,-14.00248737837262,55.729371645557364,95
1,121.33047419701109,68.95002986727417,95
2,55.42531340923696,-36.209054908139485,95
3,-92.6566007812337,-31.877772768006047,95
4,-17.005028835473894,33.72559998971431,95
5,-84.18553230785905,-43.94647978965518,95
6,-125.38265084424641,-71.75285146632422,95
7,108.6762168345715,-28.246153338452075,95
8,56.673567411170126,75.85839016035479,95
9,-141.91126136805931,36.85791970152728,95
10,71.3599841349839,-24.236602787735805,95
11,39.67593319254533,68.45749593693606,95
12,170.37692527568566,5.0349659238007405,95
13,127.92654702482827,43.19450106567933,95
14,-170.3729538070065,-87.00467835885827,95
15,98.05936609843235,59.16214118036871,95
16,96.3258158070924,32.15981081688919,95
17,-121.29375050001174,87.13651844879521,95
18,33.15475477005833,-1.7907999340238945,95
19,-155.0804233236264,43.399980436790884,95
0,-13.280704234545624,55.70909419043872,96
1,121.08751710290727,68.24701815174137,96
2,55.433793517366524,-36.20180414513514,96
3,-91.68716056860548,-31.667467952792187,96
4,-16.055681215520735,34.09425874542471,96
5,-84.80552467654273,-44.5658416151441,96
6,-126.71009495451105,-71.55584915111277,96
7,108.86540398445737,-27.49205986426987,96
8,55.9672600666473,75.474868027735,96
9,-136.10880284595493,38.70137540947866,96
10,72.6461690426411,-23.662562617317917,96
11,39.65180693470347,68.74318151420633,96
12,176.44003139090853,3.276649001659365,96
13,126.84517661499365,49.105295054378786,96
14,-176.3793038291549,-89.96146487750737,96
15,80.89866504111245,58.23902904968753,96
16,106.67705705948612,29.465536645441034,96
17,-157.1789671393106,88.79561338447655,96
18,16.555588969575666,-5.137869351468595,96
19,-105.80592088031815,40.99752098656069,96
0,-12.77704584515601,55.692216872190954,97
1,121.1170079687065,68.47524285916106,97
2,55.44963020910109,-36.13334327308986,97
3,-91.19693137569955,-31.585814392199097,97
4,-14.243022637696527,35.24819132331207,97
5,-84.02886904846723,-44.35969904279669,97
6,-127.99158444008147,-71.29462467755978,97
7,108.57625714336996,-26.895442161218966,97
8,55.84268104763851,75.42459185839647,97
9,-127.98241197119756,40.056053531085354,97
10,73.29791271441115,-22.800080003287178,97
11,39.41950369594608,69.08063203389716,97
12,177.78719885107745,0.7176463636255335,97
13,128.9288239712376,54.31142114666716,97
14,-179.59926480205928,-86.3152555501719,97
15,67.15982818118528,53.65523190158373,97
16,114.17100125125552,25.620773734873012,97
17,-168.84888178465198,85.41102009037502,97
18,0.6226240589807617,-9.810057429279453,97
19,-55.70071360105841,39.900051327336314,97
0,-13.17615634410555,55.678518597296375,98
1,121.79684746981104,68.97158761927861,98
2,55.628920630841804,-35.91943217500895,98
3,-91.06008861354084,-31.580335917372828,98
4,-13.74674037416159,36.05815302936182,98
5,-83.94731495390921,-44.342925548229,98
6,-130.72123735618203,-71.384112135846,98
7,108.27032060396476,-25.94194248197624,98
8,55.379206483943705,75.28095716089706,98
9,-121.75454331153148,40.05323901918328,98
10,73.78453306068056,-21.994993127198953,98
11,39.20214149890552,69.31796145619157,98
12,170.96009279383196,-1.3830037312965118,98
13,131.72919256620565,60.41608000012735,98
14,-175.21852760248586,-81.8414141385585,98
15,58.42359879390324,47.14203429962515,98
16,122.77792630722746,21.17965244021748,98
17,-135.69450359010548,78.9265185407925,98
18,-9.5162583642541,-17.826218755895866,98
19,-7.919895729955186,49.0394993215167,98
0,-13.149738390028006,55.676888061944254,99
1,122.65146480856549,69.19902810774065,99
2,55.979645255424174,-35.687137767975685,99
3,-90.57116520457797,-31.634040657263206,99
4,-13.270987519611992,36.62013041456794,99
5,-84.58538278059387,-44.54480121446531,99
6,-132.38009345006253,-72.21073064210603,99
7,108.05709598634166,-25.300004170041603,99
8,56.07952914177483,75.44684147977037,99
9,-116.78946270043544,40.21429814106378,99
10,74.49821355195081,-20.788587911383388,99
11,38.86369658671126,70.17990925521133,99
12,163.85645150356027,-3.1434478115245525,99
13,133.75067128524284,65.35145659804715,99
14,-169.44441432299834,-78.59658860608687,99
15,45.56426038631429,42.60984557391777,99
16,132.45727955752477,17.241235394198213,99
17,-101.2176589459971,72.29598804533805,99
18,-16.48004450314295,-26.65639686306676,99
19,34.222834417235816,63.97082007961416,99
